{
	"discreter": {
		"col_1": [0, 1, 2, 3, 4, 5, 6, 7, 8, 9, 10, 11, 12, 13, 14, 15, 16, 17, 18, 19, 20, 21, 22, 23],
		"col_2": [0, 1, 5, 6, 10],
		"col_3": ["a", "b", "c", "d", "e", "f"],
		"col_4": ["a","b"],
		"col_5": [0, 1, 2],
		"col_6": [0, 1, 2, 3, 4, 5, 6, 7, 8],
		"col_7": [0, 1, 2, 3, 4, 5, 6, 7, 8, 9, 10, 11, 12, 13, 14, 15, 16, 17, 18],
		"col_8": ["a", "b", "c", "d", "e"],
		"col_9": ["a", "b", "c", "d"],
		"col_10": [0, 1, 2, 3, 4, 5, 6, 7, 8, 9, 10, 11, 12, 13, 14, 15, 16, 17, 18, 19, 20, 21, 22, 23, 24],
		"col_11": ["a", "b", "c", "d", "e", "f"],
		"col_12": ["a", "b", "c", "d", "e", "f", "g", "h"],
		"col_13": [0, 1, 2, 3, 4, 5, 6],
		"col_14": [0, 1, 2, 3, 4, 5, 6, 7, 8, 9, 10, 11, 12, 13, 14, 15, 16, 17, 18, 19, 20, 21, 22, 23, 24, 25, 26, 27, 28, 29, 30, 31, 32, 33, 34, 35, 36, 37, 38, 39, 40, 41, 42, 43, 44, 45, 46, 47, 48, 49, 50, 51, 52, 53, 54, 55, 56, 57, 58, 59, 60, 61, 62, 63, 64, 65, 66, 67, 68, 69, 70, 71, 72, 73, 74, 75, 76, 77, 78, 79, 80, 81, 82, 83, 84, 85, 86, 87, 88, 89, 90, 91, 92, 93, 94, 95, 96, 97, 98, 99],
		"col_15": ["a", "b", "c", "d", "e", "f", "g", "h", "i", "j", "k", "l", "m", "n", "o", "p", "q", "r"],
		"col_16": [0, 1, 2, 3, 4, 5, 6, 7, 8, 9, 10, 11, 12, 13, 14, 15, 16, 17, 18, 19, 20, 21, 22, 23, 24, 25, 26, 27, 28, 29, 30, 31, 32, 33, 34, 35, 36, 37, 38],
		"col_17": ["a", "b", "c", "d", "e", "f", "g", "h", "i", "j"],
		"col_18": [0, 1, 2, 3, 4, 5, 6],
		"col_19": [0, 1, 2, 3, 4, 5, 6, 7, 8, 9, 10, 11],
		"col_20": ["a", "b"],
		"col_21": [0, 1, 2, 3, 4, 5, 6],
		"col_22": ["a", "b"],
		"col_23": [0, 1, 2, 3, 4],
		"col_24": ["a", "b", "c", "d"],
		"col_25": ["a", "b"],
		"col_26": [0, 1, 2, 3, 4, 5, 6, 7, 8, 9, 10, 11, 12, 13, 14, 15, 16, 17, 18, 19, 20, 21],
		"col_27": ["a", "b", "c", "d", "e", "f", "g", "h", "i", "j", "k", "l"],
		"col_28": ["a", "b", "c", "d", "e", "f", "g", "h"],
		"col_29": ["a", "b", "c", "d"],
		"col_30": [0, 10, 5, 15],
		"col_31": [0, 3, 6, 9, 12, 15, 18],
		"col_32": ["a", "b"]
	},
	"normalizer":{
		"0": {"mean": 11.481375, "std": 5.836630287192689},
		"1": {"mean": 11.481375, "std": 5.836630287192689},
		"10": {"mean": 11.481375, "std": 5.836630287192689},
		"11": {"mean": 11.481375, "std": 5.836630287192689},
		"12": {"mean": 11.481375, "std": 5.836630287192689},
		"22": {"mean": 11.481375, "std": 5.836630287192689},
		"37": {"mean": 11.481375, "std": 5.836630287192689},
		"38": {"mean": 11.481375, "std": 5.836630287192689},
		"57": {"mean": 11.481375, "std": 5.836630287192689},
		"68": {"mean": 11.481375, "std": 5.836630287192689},
		"69": {"mean": 11.481375, "std": 5.836630287192689},
		"72": {"mean": 11.481375, "std": 5.836630287192689},
		"75": {"mean": 11.481375, "std": 5.836630287192689},
		"82": {"mean": 11.481375, "std": 5.836630287192689},
		"107": {"mean": 11.481375, "std": 5.836630287192689},
		"108": {"mean": 11.481375, "std": 5.836630287192689}
	}
}